"DESCRIPTION","DURATION IN MS","NAME","PARENT SUITE","START TIME","STATUS","STOP TIME","SUB SUITE","SUITE","TEST CLASS","TEST METHOD"
"","410","Request inventory for invalid product","tests.api","2026-10-07","passed","2026-10-07","","test_inventory_api","",""
"","8051","Display account panel content","tests.ui.home_page","2026-10-07","passed","2026-10-07","","test_account","",""
"","0","Successful account creation","tests.ui.account","2026-10-07","skipped","2026-10-07","","test_registration","",""
"","10421","Open Men's Clothes page","tests.ui.mens_clothes","2026-10-07","passed","2026-10-07","","test_mens_clothes","",""
"","270","Get products from category","tests.api","2026-10-07","passed","2026-10-07","","test_browse_api","",""
"","29835","Add two different products to Shopping Bag","tests.ui.mens_clothes","2026-10-07","passed","2026-10-07","","test_product_cart","",""
"","904","Register with empty password","tests.ui.account","2026-10-07","passed","2026-10-07","","test_registration","",""
"","23078","Free Shipping is displayed when cart reaches threshold","tests.ui.mens_clothes","2026-10-07","passed","2026-10-07","","test_product_cart","",""
"","6972","Open American Eagle home page","tests.ui.home_page","2026-10-07","passed","2026-10-07","","test_home_page","",""
"","8045","Display search input after clicking search button","tests.ui.home_page","2026-10-07","passed","2026-10-07","","test_search","",""
"","123","Delete nonexistent item from bag","tests.api","2026-10-07","passed","2026-10-07","","test_bag_api","",""
"","6825","Add multiple different items to guest bag","tests.api","2026-10-07","passed","2026-10-07","","test_bag_api","",""
"","1510","Validate email during account registration","tests.ui.account","2026-10-07","passed","2026-10-07","","test_registration","",""
"","13325","Sort products by price from low to high","tests.ui.mens_clothes","2026-10-07","passed","2026-10-07","","test_mens_clothes","",""
"","23342","Maximum product quantity in Shopping Bag is 10","tests.ui.mens_clothes","2026-10-07","passed","2026-10-07","","test_product_cart","",""
"","13609","Filter products by price from $25 to $50","tests.ui.mens_clothes","2026-10-07","passed","2026-10-07","","test_mens_clothes","",""
"","20360","Selected product size matches size in Shopping Bag","tests.ui.mens_clothes","2026-10-07","passed","2026-10-07","","test_product_cart","",""
"","0","Sign in with invalid password","tests.ui.account","2026-10-07","skipped","2026-10-07","","test_sign_in","",""
"","1019","Register with empty first and last name","tests.ui.account","2026-10-07","passed","2026-10-07","","test_registration","",""
"","320","Sign in with invalid email","tests.ui.account","2026-10-07","passed","2026-10-07","","test_sign_in","",""
"","0","Authorized user adds a product to Shopping Bag","tests.ui.mens_clothes","2026-10-07","skipped","2026-10-07","","test_authorized_product_cart","",""
"","5762","Get available SKU for product","tests.api","2026-10-07","passed","2026-10-07","","test_inventory_api","",""
"","7365","Display footer content","tests.ui.home_page","2026-10-07","passed","2026-10-07","","test_footer","",""
"","6690","Add, update and delete item in guest bag","tests.api","2026-10-07","passed","2026-10-07","","test_bag_api","",""
"","10906","Open Shopping Bag from header","tests.ui.home_page","2026-10-07","passed","2026-10-07","","test_bag","",""
"","25583","Change product quantity in Shopping Bag and verify subtotal","tests.ui.mens_clothes","2026-10-07","passed","2026-10-07","","test_product_cart","",""
"","14836","Add item from catalog to bag","tests.ui.mens_clothes","2026-10-07","passed","2026-10-07","","test_product_cart","",""
"","927","Register with empty zip code","tests.ui.account","2026-10-07","passed","2026-10-07","","test_registration","",""
"","18393","Product price matches price in Shopping Bag","tests.ui.mens_clothes","2026-10-07","passed","2026-10-07","","test_product_cart","",""
"","7108","Display main header elements","tests.ui.home_page","2026-10-07","passed","2026-10-07","","test_header","",""
"","158","Receive guest access token","tests.api","2026-10-07","passed","2026-10-07","","test_token_api","",""
"","890","Register without terms acceptance","tests.ui.account","2026-10-07","passed","2026-10-07","","test_registration","",""
"","213","Request category without Bearer token","tests.api","2026-10-07","passed","2026-10-07","","test_browse_api","",""
"","171","Request guest token without Authorization header","tests.api","2026-10-07","passed","2026-10-07","","test_token_api","",""
"","0","Successful sign in","tests.ui.account","2026-10-07","skipped","2026-10-07","","test_sign_in","",""
"","7227","Open Favorites page from header","tests.ui.home_page","2026-10-07","passed","2026-10-07","","test_favorites","",""
"","21990","Remove product from Shopping Bag","tests.ui.mens_clothes","2026-10-07","passed","2026-10-07","","test_product_cart","",""
"","275","Sign in with empty email","tests.ui.account","2026-10-07","passed","2026-10-07","","test_sign_in","",""
"","789","Register without birth date","tests.ui.account","2026-10-07","passed","2026-10-07","","test_registration","",""
"","400","Request inventory without Bearer token","tests.api","2026-10-07","passed","2026-10-07","","test_inventory_api","",""
"","4654","Add item to bag without Bearer token","tests.api","2026-10-07","passed","2026-10-07","","test_bag_api","",""
"","204","Get random product ID from category","tests.api","2026-10-07","passed","2026-10-07","","test_browse_api","",""
"","947","Validate email during account registration","tests.ui.account","2026-10-07","passed","2026-10-07","","test_registration","",""
"","16789","Search non-existing product","tests.ui.home_page","2026-10-07","skipped","2026-10-07","","test_search","",""
"","649","Request nonexistent category","tests.api","2026-10-07","passed","2026-10-07","","test_browse_api","",""
"","143","Request guest token with invalid Authorization","tests.api","2026-10-07","passed","2026-10-07","","test_token_api","",""
"","7919","Update item quantity to zero","tests.api","2026-10-07","passed","2026-10-07","","test_bag_api","",""
"","463","Add invalid SKU to bag","tests.api","2026-10-07","passed","2026-10-07","","test_bag_api","",""
"","11250","Search existing products","tests.ui.home_page","2026-10-07","passed","2026-10-07","","test_search","",""
