"BROKEN","EPIC","FAILED","FEATURE","PASSED","SKIPPED","STORY","UNKNOWN"
"0","","0","Men's Clothes","0","1","Authorized Shopping Bag","0"
"0","","0","Browse API","2","0","Category products","0"
"0","","0","Authentication API","2","0","Guest token negative scenarios","0"
"0","","0","Account","2","2","Sign In","0"
"0","","0","Bag API","4","0","Bag negative scenarios","0"
"0","","0","Home Page","1","0","Home page availability","0"
"0","","0","Home Page","2","1","Search","0"
"0","","0","Men's Clothes","7","0","Product and Bag","0"
"0","","0","Inventory API","2","0","Inventory negative scenarios","0"
"0","","0","Inventory API","1","0","Product availability","0"
"0","","0","Men's Clothes","1","0","Product filtering","0"
"0","","0","Home Page","1","0","Account panel","0"
"0","","0","Home Page","1","0","Header","0"
"0","","0","Account","7","1","Registration","0"
"0","","0","Men's Clothes","1","0","Multiple products in Shopping Bag","0"
"0","","0","Men's Clothes","1","0","Men's catalog","0"
"0","","0","","1","0","","0"
"0","","0","Home Page","1","0","Favorites","0"
"0","","0","Bag API","1","0","Multiple bag items","0"
"0","","0","Bag API","1","0","Bag item lifecycle","0"
"0","","0","Browse API","2","0","Category negative scenarios","0"
"0","","0","Authentication API","1","0","Guest token","0"
"0","","0","Men's Clothes","1","0","Product sorting","0"
"0","","0","Home Page","1","0","Footer","0"
"0","","0","Home Page","1","0","Shopping Bag","0"
